{
  "version": "2020.2",
  "applications": [],
  "platforms": [
    {
      "name": "system_20_wrapper"
    }
  ],
  "systems": [
    {
      "name": "HYGRO-Tester-Design-App0_system",
      "platform": "/home/timothystotts/Workareas/GitHub/HYGRO-Tester-Design-Zynq-Ws/system_20_wrapper/export/system_20_wrapper/system_20_wrapper.xpfm",
      "sysConfig": "system_20_wrapper",
      "buildConfig": "Debug",
      "applications": [
        {
          "name": "HYGRO-Tester-Design-App0",
          "platform": "/home/timothystotts/Workareas/GitHub/HYGRO-Tester-Design-Zynq-Ws/system_20_wrapper/export/system_20_wrapper/system_20_wrapper.xpfm",
          "platformPath": "/home/timothystotts/Workareas/GitHub/HYGRO-Tester-Design-Zynq-Ws/system_20_wrapper/export/system_20_wrapper",
          "sysConfig": "system_20_wrapper",
          "domain": "standalone_ps7_cortexa9_0",
          "system": "HYGRO-Tester-Design-App0_system"
        }
      ],
      "platformPath": "/home/timothystotts/Workareas/GitHub/HYGRO-Tester-Design-Zynq-Ws/system_20_wrapper/export/system_20_wrapper"
    }
  ],
  "others": []
}